236027904,113537998405823889408
368640,368640
64,6912
5728776474006160146432,907205836477310434862055984732605150920704
113246208,113246208
3538944,1641562064176545792
9209809502496041026058218295525376,912297447236709020911270501247293691772381775154424840192
524288,524288
331776,1565515579392
25848921651153242283720923267921841487872,957045876954366378148023035050867541517949164601737216
50331648,50331648
15479341056,193865196655121704943616
449894742361473024,1198043605259094648699561084715008
76800,76800
24,1728
323782365322126442322359236952064,20447821062064215332981921320595178895270683677431309503660394807296
786432,786432
256,14155776
99169696140262549487616,3658716009133930359158203779106371809574912
9437184,9437184
150994944,949978046398464
770413180042454995435166940266496,758982111685113566941056174562177873071430434816
131072,131072
2304,4076863488
37785767802549607189268398080,6193144327946500217480925907674190557049585198633559719537150510823621646216069120
491520,491520
4096,19327352832
15324126326549702504349696,4355260502450151861783765490627871541438350680173564917710848
6272,6272
64,10616832
103557242880,828457943040
768,768
3072,402653184
959458169230523891712,1590428642268763413296431668815110078464
24576,24576
9216,855945643032576
310864446830689740914688,1478855204354500673843238120620172509184
5242880,5242880
192,7077888
34268591880966297214788814503936,3935268449403579141491964373799436738024006577732279252559868249243648
9830400,9830400
393216,1202315964973056
14776375872061440,48978381454875508863632670720
165888,165888
192,786432
86513848691192468582400,27929166801134761908272133734400
9216,9216
192,110592
263783435322839931197853260263471448064,16119000944106783331220960979966398447861628131805070111014912
618475290624,618475290624
356241767399424,299414001171506871715915310296989696
16418451093932998656,246808486747961786349561839616
26214400,26214400
63700992,389550372651270144
47849634831671883857920,31635953403343640234428784925736960
786432,786432
1179648,1855425871872
2697062601600386858162092769280,117819026189689781080696604912357763127491906548961116160
5505024,5505024
6,24576
40802615820288,67965977560329748825684737785856
3072,3072
768,127401984
520896153203459099463086554342797185384448,73801304537303071597100638946209730075767162383369913720543049737951665583030272
268435456,268435456
576,7247757312
70725635481557532672,793655899608520228701303141650399232
6144,6144
144,32614907904
786167827737127944192,13506260437193304821089412579328
1376256,1376256
196608,3710851743744
3469312,3725145394905088
6144,6144
12,48
13012087083740292338700779520,8291391925657124818688498699478046697819555758080
4480,4480
589824,3606947894919168
2031445383000430215168,112293070588129649149209810170696347680768
221184,221184
16,9216
198077054103584768,435576048365014617560958631936
1006632960,1006632960
150289495621632,1778314369133712165932108630458368
5620768505856,53044226611168149504
204800,204800
5308416,42268920643584
757256192,1550860681216
107520,107520
768,7077888
80960809101701750523378960122152747008,624252629562113619859153724729148859791604868436922228123961615390519328768
57344,57344
55296,6086724572676096
624529833984,40929187199975424
327680,327680
3072,226492416
1056609560478699956994048,174335784320953247330342213545548054528
8192,8192
23906980319527578894336,66589668350889264210655390190635645083073426489344
50331648,52776558133248
51380224,51380224
3072,5435817984
4441101041664,18190749866655744
192,192
6144,50331648
11511333899993088,754406778469947015168
983040,983040
50331648,560319851238927630336
273812529649297550723287892361216,10592609178465023788972894651662937077172724812533058240512
29686813949952,29686813949952
75497472,15937986879685052596224
6223809517312278528,1243774994643555164384735260930651805712384
4608,4608
24576,521838526464
91077267456,326420926562304
589824,589824
12288,5435817984
1082738753587164267675648,14588911039353603845801570980378268628579067625472
43008,43008
56623104,945539748965690376192
122785649459200,263680174422692043161600
37748736,37748736
3072,1572864
177570054144,6247690856836540617719808
56623104,56623104
9130086859014144,4375320215957357070255211771664007168
51558988266055441317888,221444168417555867383176099790848
49152,49152
96,31850496
19421724672,40730308739334144
2752512,2752512
192,786432
2477460502645858004631552,228108116234157424294690625175945216
131072,131072
442368,400771988324352
22660198918143193645056,95043762963163669678232961024
8246337208320,8246337208320
2654208,315179916321896792064
2171057080846419186813607080357789696,383311714838605012925475897369092196446009922342993906552148300312608768
49152,49152
56623104,4254928870345606692864
752640,337182720
256,256
27648,127401984
42965154458763264,703941090652377317376
43008,43008
4096,4194304
45655968662659874684928,755954397513790752670750078370739929481216
442368,442368
95551488,42071440246337175552
49940800,40093273292800
13824,13824
32,9216
120432107767506986336256,5823934845232722832214856198204162048
37748736,37748736
201326592,1297036692682702848
234018863746251816960,485209415511637369749345624423137280
245760,245760
226492416,272315447702118828343296
57802752,14797504512
221184,221184
49152,452984832
54004353172211957760,1101759437554458032902472403517440
768,768
576,82944
221068140740608,237370108667109144788992
14155776,14155776
3072,28311552
3661387564840809513615360,12827518421142833786129908905089921629751869440
1048576,1048576
130459631616,11346476987588284514304
1213857792,69607461224448
61440,61440
98304,154618822656
34291977028885610496,9748657036868079394410832531559974699008
8192,8192
16,16384
235698232073396303167488,13928877949146010774991600092121097993977856
24576,24576
12288,1610612736
16835588005242593083392,23878076484250304185699885872207596561104896
131072,131072
73728,32462531054272512
174703961719361765376,1593092249685382521852317349157870361469278748672
107520,107520
1152,3538944
15793550110790516736,171701727446880566660403560448
7077888,7077888
442368,194775186325635072
3100344276468364340101120,1745338666027896959054241036104043069440
226492416,226492416
32,65536
1835698027864522752,4550252844625749816788954740948992
14336,14336
1019215872,779100745302540288
20058759749678727168,9666121833635645737320579072
1536,1536
18432,32614907904
495865122816000,11708677144063179227136000
143360,1433600
288,191102976
208215748530929664,122810645661507058139136
1792,1792
4,1152
7588649187237338491930294616064,58521343365157535215564869300702096585180315648
24576,24576
9663676416,215162822875748210049024
17681408870389383168,38881829296909672187992511348736
92160,92160
1024,131072
458684115918433139143213056,782379061536393351998692913563051980410824163328
221184,221184
393216,521838526464
87685354193971838976,2542088668058677049041562370048
12800,12800
1,2
543808290816,498946282056843264
9216,9216
509607936,194775186325635072
9491933490296141203843055616,92290126015424262700940236543368982507290624
73728,73728
13824,2717908992
135342344198395533459456,137943065360691844635784623685632
50331648,50331648
8,786432
147523340199893860283124927336284160,1997447391775046497667980296972778501118251229886742045655040
196608,196608
2048,12230590464
6942389380470925107379745830474598055936,44581092294799550531582471404600853596067144265229724534927549005824
201326592,201326592
53790705718937052512256,493813763710513037206703485605604911962489094144
363609657583164932166536732696641536,339307407284553513808838068178672165520368983025831751197589088763904
3932160,3932160
3981312,1972098761547055104
1920954843947865341952,29622064439049900473098023469056
2211840,2211840
589824,43486543872
14057776231833600000,79000653783350063923200000
2560,2560
1,8
50952459165743915603066880,399241817709821085727177242459600309065078538240
129024,129024
1,288
10665088260752258629632,167102783613288168376800312754012422144
2048,2048
84934656,5699868278390784
103645172602062766080,85204994957002364532000030720
100663296,100663296
16384,400771988324352
161032424914280378368000,1086399498741196436621867614208000
23592960,23592960
576,663552
1461815151049044896960249135972100668915712,5172516438647929391694053786416813217007935933464757567173098769219584
1966080,1966080
3623878656,3361919107433565782016
2869048672541555784172241899328787972096000,32353859457913341488914872283309943388307288540597529437761953874383528969732358144000
98304,98304
3,3072
1252934302040064,688807916966228603103608832
16384,16384
4608,16307453952
359399784461001491781152353037191636246855680,1930835404238976973086632223118352121248606746912484129702219322433204629012480
8257536,8257536
18432,1391569403904
176868769595260047139664000188416,7200146078557577592327700550886229930652072326104505909248
301989888,301989888
8192,57982058496
271081481198490353664,306816231010077264415028559129771857136177905664
27648,27648
84934656,42071440246337175552
364914416568762368000,6585383804106123675258243252224000
7864320,7864320
3072,509607936
738643925249556480,11316945235158529187037100353163100160
7077888,7077888
192,1769472
1348191387648,176710141561798656
1024000,1024000
294912,22799473113563136
3921949473060225073152,236243677980703958851204939776
102400,102400
9437184,11132555231232
478592778514221735638970707214336,5631050086512842832571333263968723368646689679229321216
16384,32768
221184,37572373905408
1217623228416,2553540988719071232
6291456,6291456
6144,28991029248
1542338878006886400,14907465917677133698518725374771200
2048,2048
96,62208
3718138366623744,185115460525914203357184
1536,1536
192,2654208
515610823884800,8858126504195326686003200
458752,458752
6,48
167943566716305408,647443011358117558543712256
512,512
196608,463856467968
6529645873929954263040,631648522058229276464305182210166955704320
40960,40960
393216,34199209670344704
25796131847624510668800,5030729562348208281884599495647196376098406400
294912,294912
16,589824
226723815067012300800,4531065170688649921712315852390400
688128,688128
18,36864
17435178880194331017216,599068184722756430748329063743488
65536,65536
2654208,1352605460594688
81223971998351228928,55189840965068753569415430144
1572864,1572864
221184,12524124635136
142988034038764142592,245928949534774143102775984128
301989888,301989888
18874368,22161087866383368192
440934742780476192718848,194386902653185903006632883253288745566208
81920,81920
113246208,51059146444147280314368
4111458071598495148686704640,16826056975476107749390570701242645720440558535237959680
294912,1769472
1728,254803968
3737323376380435239644211202882686418944,41894881821136595533532723472363896044582399120906031559722117048687394816
335544320,335544320
28991029248,26769697770909089301459369984
118661188681728,109230372455646279451004633088
61440,61440
48,241864704
3008295259198193664,242360874544362281335466754048
37748736,226492416
100663296,1094374709451030528
2581866572087782072715996740634362860431204608376832,141080105736810886398736849966136457716829008112106125472431597162917349935905007932369461456628875264
24576,24576
56623104,49862447699362578432
39582418599936,348170636049013202315378688
113246208,113246208
89060441849856,11897643453737373022870831104
44103555090639765504,656629292121512221296667810298068992
1376256,1376256
576,5308416
438709725299736576,2376126210772473169736360678916096
327680,327680
6262062317568,123354767328349083501124776886272
3611458458667431493632,4619189353741687841967485159812890624
402653184,402653184
2404631929946112,1136837535698065153546365943783882752
616819589120,4869969990683719966392320
320,320
384,20155392
14107259604169654272000,167071374194939519747087860236288000
73728,73728
18432,86973087744
1073943687462912,36900424123190818023407616
147456,147456
112190507323565801472,3058570513845134431533285959122905320128512
17395784525581647033139200,9295657537039134720302609924296487731200
368640,368640
1,2
5368491073100316672,605120861719110389796342520086528
24576,24576
67108864,26264993026824732672
491817244262400000,16502648279030090956800000
6144,6144
663552,4586471424
10362569097216,4812755635245171350739156467712
65536,65536
9216,21743271936
185921905087314793052292218093568,41116865463407807277956281661793905874356320327143927054336
36864,36864
786432,2783138807808
24567744616785248256,3457602671921486034198889620307968
30720,30720
19327352832,140079962809731907584
3751007360458912056115200,29067865692157315818252597898593592934400
614400,614400
1536,21233664
74912366592,1256820955385167872
6144,6144
384,110592
548158757142528,772512541153225743532032
102400,102400
2717908992,1225419514659534727544832
1221610944489062400,6930490234715567897977093789712174284800
147456,147456
192,40310784
12542143794644656148447232,431025796976344375909669975232460449906688
16384,16384
8153726976,797799163189801254912
74537329588385668492593626873856,199934103788539356257880781727867144035968490860969984
10240,10240
147456,927712935936
253930672875053776896,5114429822294066931033301843968
49152,49152
2038431744,22692953975176569028608
345446815615742279569656250368,239487806553206592543040686649078434421417181184
6597069766656,6597069766656
400771988324352,42105093914743153835050590510514176
98404433622835200,245826018375035260509565747200
8257536,8257536
4,64
4675299729408000,151463447535601286482231296000
18432,18432
1,72
331740378698874880,16427539234970184877189654076456960
15728640,94371840
216,3057647616
354041856,15916906133323776
20480,20480
24576,402653184
2284178944071438746542216839168,24699152886723762614186904526592138533873309974528
147456,147456
2473901162496,28201821519970069387545673728
1585212304614104928878944321536,168172721425525390834284638866404362716411789836288
37748736,37748736
356241767399424,73099121379762419852518386302976
15229494749690855424,8176272735565741269543026688
11796480,11796480
768,5308416
15059072,431773712384
1280,1280
48,3456
13110516809944180958822400,11892583859485130190341825701616182886400
1152,1152
192,884736
248795178946828689312055296,75489319417046352897504924299802664441354921764427137024
8192,8192
1179648,11132555231232
367655490298856010771763477416109538279424,129284265553189718045498716089710383195233071388434517168310184957177757696
268435456,268435456
2359296,633318697598976
8222804929687540727808,46209795537024228878551351296
147456,147456
72,18432
2108270080,5183443417169920
23040,23040
8,15552
881170841600,185445397396179019366400
147456,884736
4,1152
6169852850304964984253845459697664,29239847443950023850395358678975642232310596632576
8388608,8388608
18874368,4809263859892224
177899628098011809318174720,148323416810503279340796808730414436172431360
268435456,268435456
1610612736,885443715538058477568
3022415986688,326249942735257021186048
3072,3072
221184,6879707136
1903686843711356928,82143179546384206093878690840576
12582912,12582912
192,24461180928
50617865738259009634304,102127245372146656346945304055459434463232
5242880,5242880
14155776,6412351813189632
59009336079957544113249970934513664,67101617259596758131115488266491257281204374901713010688
6144,6144
36,10616832
33127702039282519330041611943936,398393274230306336686854450776279965036382830229483105459102754127320365741899776
40960,40960
9216,338151365148672
91311937325319749369856,35700135253949632059695863583061769553618890571907072
122880,122880
18,21233664
2563667656704,5419411959620843864064
86016,86016
3,497664
51380224,13469017440256
5242880,5242880
127401984,10820843684757504
10702629371430106580008304640,53890542460319691489620660197817057280
81920,81920
4096,134217728
252587621744640,7593989023373530843054080
98304,98304
512,2579890176
810130600430277706955893598758895616,202649707690098634240197394317902416660531232280593527565195210397843456
301989888,301989888
42467328,84142880492674351104
366138756484080951361536,52450165968561076982528671675274886119424
805306368,805306368
1179648,633318697598976
18173648944825543897907200,50307650436281432087264238895868117953753907200
37748736,37748736
5184,534362651099136
11091691791182348974817280,4021169303480487183855623241801400320
1835008,1835008
1024,37748736
154146837106827870336652985298321408,20044784065940946613397715876181226814421874742159433776557457408
32768,32768
524288,356241767399424
220806396061971120128,840094158260018185128707150132758269919232
503316480,503316480
24576,3298534883328
552544027199668224,123980389460273838583553569342101651456
589824,589824
3456,48922361856
3665434987855872,62971693593820509606248448
6144,6144
27,432
1249059667968,1002765086399397888
18874368,18874368
6144,18874368
2832334848,46404974149632
15360,15360
147456,3623878656
27230696636416,838333092357045717563342848
9437184,9437184
450868486864896,21954498384366816863359365808128
59954864062464,880141241548271517696
40960,40960
24,294912
909500553013217984847544320,606516713309423654341297613948068261196932798596780298076160
2097152,2097152
59096234310355648512,2384121111664268732890068431738257281122304
471453613248506581296896960102400,268693497975326510734094947671556102368357218000401386700800
12582912,12582912
10871635968,4357047163233901253492736
29600572885696512000000,31783373121732716305317888000000
12288,12288
589824,927712935936
877419450599473152,173796659987929466129288095372148736
10240,10240
8,65536
24096457562482022849445888,1123066842840330134171563845008666642667622367232
19267584,19267584
36864,22799473113563136
200466366464,3284440948146176
2048,2048
7077888,25649407252758528
60202290214294349512546713600,104826569573040203021699870840674542687856518758400
38654705664,38654705664
1179648,25649407252758528
4077629938335744,21993473431232755841164640256
8192,8192
192,786432
1555617772529520007912095744,39518365899302786827285664397464737659661295026176
368640,368640
768,65229815808
268738560,68797071360
49152,49152
41472,2038431744
34540494092298860101632,28851313238435617474765200341317189632
10485760,10485760
24576,38654705664
759350070797359035759722496,40910797387317028706853639445355276795904
16515072,33030144
576,47775744
134058814210048,36849806257452559013773312
9830400,9830400
663552,21134460321792
2359739547648,48702951015166072848384
18432,18432
18874368,5410421842378752
447933706951594862444544,9095738717638501581085994623826404162142208
1966080,1966080
196608,154618822656
4406682508591104,295727457160219229945856
8192,8192
27648,32614907904
3172811406185594880,18116712052732627758616506531840
786432,786432
587068342272,6352574763995028027592409088
786167827737127944192,8502543089293681934181927881469299446845014016
3840,3840
36,1296
229604200776954433930424689553959762117263360,10331912546927184953143468431941341927916288280151461503948823733091696640
7247757312,7247757312
31850496,11080543933191684096
2128580975433978786336473088,239927520890830594920147406038393748979712
32768,32768
36,6912
34816818045037250982445056,66485922705387517526439451082453047135451480064
1024,1024
768,6144
6602197494751398199296,270222577193888738755097881849054101504
61440,61440
3,48
647564730644252884644718473904128,14596759155787344334580328019956699068358108402470797443072
12582912,12582912
113246208,1641562064176545792
1192821481701572559972323751611332558848,478049436937538890819225877885035106421278887951466496
16384,16384
127401984,97387593162817536
1480915782510341921894006677971350323200,1442674255690828020577733224368522825847086137008273148654756718182400
56623104,226492416
6,1572864
457265659179753088745472,18135221238781192117236887067362215329792
61440,61440
3072,63403380965376
37891197587851731290296669962240,326962313306044682697028932376999949493075676393195438080
40960,40960
24576,57982058496
2920646383871438438893464563220480,133178397406604517316428130274576665022455936450560
18432,18432
12884901888,484116351470433472610304
20005372589114197632614400,507574705225362811444530949990312732262400
3072,3072
18432,16307453952
1421534096710263932372085993914341785600,126718193257918307540279311878674025447227030859120520522595123025307238400
2415919104,2415919104
8796093022208,154019547927729872281849439453184
38886348458249568409591572920971296768,540926784675602471064370952838087187005003868902743663780180819857052270592
1179648,1179648
68719476736,302231454903657293676544
907273133293160890368,34131033662013437016253784713883346272256
86016,86016
144,1492992
31184142628552704,280881786243636714783099341242368
552960,552960
32,663552
2211097015510672343040,58347045088675076827106262342696960
36864,36864
512,6291456
156080011666689054291787776,1430963075512379244624952745428535858090213376
204800,204800
2038431744,945539748965690376192
4584068966397247488,78753705173138803621512609792
589824,589824
294912,2087354105856
19999893286912,20971408103217037312
11010048,11010048
1536,56623104
59447875862838378496,160704591308203816469122040469970223104
47185920,47185920
75144747810816,3659083064061136143893227634688
15595002623683435954176,593401170056419238378354704908288
6144,6144
165888,6115295232
196608,26388279066624
88080384,88080384
48,995328
3729672183597760512,29405716380657301780401251661130297059368239104
61440,61440
2304,178120883699712
343403454893761133320807120896,10572130566875961911645529317381803541004288
75497472,452984832
56623104,346266997912240128
453721850321110002307694592,632506321107044925963898125954318336
49152,49152
2048,21743271936
16001289828803543040,296220644390499004730980234690560
2048,2048
512,8388608
8880887734549753846556139070685184,138069171316042712203941333881669253665029577987063808
25165824,25165824
18874368,45598946227126272
631478888228192256,8197339736234209833655274694060055461888
40960,40960
110592,32614907904
137096789156167680,251573704875880942141440
768,768
24576,43486543872
17989840673072322969600000,2357964396700935516271411200000
6144,6144
96,12288
211489460510567838101887895829296971776,155809650961059139061819183639199654095132153966789394432
245760,245760
4608,509607936
3581745389709057631191040,44262770323467107573655020686181340765224960
22020096,22020096
393216,79164837199872
81571243622400,12316845362774645145600
1344,1344
12,48
456369532654659305472000,6066395191281280502085340057482221879813996544000
786432,786432
73728,1803473947459584
501382543199698944,1840081955663586319663104
344064,344064
18432,12230590464
314822211778765651968,52225227067555876473667584
12288,12288
4096,1073741824
1056964608,1134907106097364992
368640,368640
4718592,346266997912240128
7771926822912,6542513620137195803246592
196608,196608
1024,2359296
9901434772389888,2325659138408143820685312
24576,24576
576,452984832
77058931474296767376059793408000,1296409136718356852093442244791768167365942293943025664000
81920,81920
512,50331648
951664508928,15966281025818984448
4096,4096
1728,41472
5306632837225613623296,5387641637308168917808292559058429826488686574829568
9175040,9175040
3145728,121597189939003392
11579853744635904,1028117628207299311423193088
1536,1536
18,20736
31783373121732716305317888,16599055853365185232666130965146803510707108410556416
37748736,37748736
603979776,2509659166022727122011815936
4915596235408448421888,302666292223877165504066342961020928
452984832,452984832
100273143182115802266829062144,1413942643634216737456281775096853234117233225403430076416
11468273010501436726384263168,85545797682344312372886177401880233608092844032
491520,491520
512,8388608
386941977714367660032,483313618206789324982647024254976
52428800,52428800
18432,782757789696
4878417334652574744812332253184,3698976651435271291977741290690330557626391166456929714176
13107200,13107200
144,10616832
7159624583086080,159409832212184333861120901120
5120,5120
1152,11609505792
2077910990848,14354997480351308932186112
384000,384000
6,48
322446626634496,14870725085353353402368
81920,81920
79164837199872,28201821519970069387545673728
88909155924043174724204755314278400,109677363390917552738921177085770373042386276240169369600
65536,65536
331776,11888133931008
3430276507049759539200,143502625485596521206515430971224851323289600
73728,73728
6144,43486543872
146479566126033764614144,386695422835365433378824909880865849344
516096,516096
384,393216
52577318447242171804905724102651674624,171028215075799099773957511340756356140746154336587076826463927904629686272
114688,114688
32,10616832
15744709379653632,270972242476890719256576
9437184,9437184
12,3072
10485760,45035996273704960
5505024,5505024
1536,25165824
431773712384,1810990208947060736
13762560,13762560
3,3456
10036008980625582194688,179060402238573044351333521206738941751853056
5242880,5242880
59373627899904,740128603970094501006748661317632
81960740008442254589952,1218097974412061526199547763311149263618048
32768,32768
2359296,3606947894919168
107459314953818675871744,2130925876164788479533890868763995144192
983040,9830400
5308416,1352605460594688
925017902678016,2909854716955509915648
3538944,3538944
3145728,4696546738176
5206792035353193830534809372855948541952000,123327410836986068452999681045345192726836315754070016000
9437184,9437184
134217728,8754997675608244224
59941160093535436800,1334596550730805450746820244275200
163840,163840
2097152,35184372088832
168552824832,395808109837540147593216
153600,153600
8,64
181050273285908046084467318587392,22958398902063730229215518789632400667164278784
4194304,4194304
226492416,1418309623448535564288
3384332166597967872,173887744810208907208163328
768,768
2,4
46719660920881999476004622626839330816,13134516454473664824284005469028955137961571880423461543265946044733587456
2560,2560
128,1179648
3145728,1649267441664
31457280,188743680
262144,59373627899904
142582881130819985866752,146004870277959665527554048
452984832,452984832
38654705664,63751947518740210384896
6322428865709736869276782600126464,2247037049978660237871943586873030771140982339381989800253763566436352
2097152,2097152
9437184,420239888429195722752
33048494929555268567040,9525580124793653374196907345734019317760
4718592,4718592
3072,21743271936
14462247353788288466944,65132171793460877772286545953736884224
30720,30720
4274901208793088,6237791691073059827414902297853952
2366190733434323927040,291902559195302226236359531560960
62914560,62914560
1536,905969664
4991339034936540300843323228160,279452894667312679563112876053564008793771876837373377297398597767806320640
1920,1920
4608,115964116992
164516146987401216,12943467115864074473177088
141557760,141557760
12288,1207959552
206674786714004968439808,454482662320346442050809602313814016
7077888,7077888
144,71663616
719216693760103162176558071808,1336122022785364331356198932912077898162345345024
78643200,78643200
15925248,27390260577042432
855532131084588135557356082201940005584520138105833692780973522944,134143765297578543985917648165504110300909330514968450904750363327904926892160821053987275070971969544915274248467276882153998978646016
245760,245760
64,880602513408
2181038080,36591746972385280
1179648,1179648
24,442368
3136252806445494435840,139400250367591269630380374524438773760
294912,294912
4096,12884901888
4062127086108672,139573623896260177135927296
48384,48384
663552,63403380965376
944504995840,2717617182301183016960
92160,92160
1296,1492992
350374066535665803716644800270251851776,5198020640481745097686010808086192269350675472845549298778112
11544872091648,11544872091648
24576,17099604835172352
23889797704085059330375680,18051226624892240411074107859229736960
2684354560,2684354560
391378894848,1445563679629090822278805979136
15977652003274752,284916700376952785374254465024
98304,98304
18432,601157982486528
83028740869267200,1395464047789773830400
3840,3840
48,31104
69960491506392367104,36106329824483075092905984
12288,12288
576,21233664
62890871840200407790625872674816,427007700181187082164048114881685003912756923352481792
393216,393216
12884901888,5163907749017957041176576
35370902518497280,2553266826475586173739896668160
2359296,2359296
173946175488,82622523984287312658825216
240038696423785987246190695928561664,728794364977887307529922721884252516685969940486236560143941632
515396075520,515396075520
6692424442727272325364842496,806193808589041947666947196191933276216086016043975180288
68586945317129464563915419124480382166668148736,37807541854086864047161301732373556569146421177645045438600287063943344553984
25769803776,25769803776
37572373905408,3659083064061136143893227634688
1479413307263066206289940971520,188751367506959979545616623698177297874948362076160
18874368,18874368
1536,300578991243264
62166214141848276925892973494796288,567888266507680315350211974609750558430311870185941418115072
4831838208,4831838208
12288,16698832846848
35508202654171759851381719040,26488926359896643746887453879119232864170010344248946064611082240
73728,73728
288,73728
102779766964224,215544793848556290048
18432,18432
49152,603979776
8028807184500465755750400,623406410228047148435653599148996341163622400
16384,32768
260919263232,278851018446969680223535104
5661384351749323955896320,16631948931510088008753406128797798891520
147456,147456
4608,339738624
4081610874880,642249373161021767680
73728,73728
6,62208
5613058260992,129203285467119101149184
12582912,12582912
32768,805306368
2770767585785672099155600904135689512846372705927168,661503846030081515376213854316430390941447675100197556857666510716489812672512
773094113280,773094113280
50331648,645488468627244630147072
65751654334464,289178833945005594305888256
983040,983040
63700992,2555839994964983414784
5858220103745295221784576000,656768943162513089849851335940603987443295715328000
3145728,3145728
6912,231928233984
21690595561356453588039106560,79604832759707166371360929700904960
30720,30720
768,2359296
7587222789352940139184128,271721504139177916459816330783413384511488
983040,9830400
9437184,66483263599150104576
3004780230320409916557062307840,17126851518339058296865757494158521736426946560
114688,114688
121597189939003392,6540798660258624781591408591874505572352
40938906892261638181783512268800,44799197632189494505444168048250687121265616486400
4194304,4194304
9216,463856467968
1177652451624695244584386560,148502903984649999966049684787365800082145280
1024,1024
144,18432
19098761731427840,176780983522975751521309818880
2211840,2211840
192,147456
18592983727707235811328,130984225618984295557148663026286592
3435973836800,3435973836800
2717908992,272315447702118828343296
1933904095198838784,6812003227688486154853561663488
98304,98304
422212465065984,2464312766843677956509591031250944
10789408816836378624,554086343261702894335452693806649736811249664
6144,6144
48,1719926784
1562986414080,12803984704143360
36864,36864
524288,2199023255552
130391295044188372992,1146933960494849918697655643406336
1610612736,1610612736
226492416,17509995351216488448
299649466368,25450624346549649408
1572864,1572864
36864,5283615080448
47141561040896,217402077939141342356684599721984
589824,589824
27648,587068342272
719147520,329910363095040
768,768
12,6912
99014347723898880,6804214164942683635376455680
32256,32256
288,2304
1474004808754697057592793890816,34207007231921877767353097581922092751189786492928
5242880,5242880
221184,57711166318706688
1888223232,247493195464704
5120,5120
288,663552
127957003212423168,15387992034562684529235984384
43008,43008
73728,1174136684544
301011451071471747562733568,3756984253497760876297723370929775609932777632301056
402653184,402653184
3131031158784,481854559876363607426268659712
2788191129777993959351061126655770624,182734202340387245546259430374168804941980341643589476889000197226496
3145728,3145728
9216,84537841287168
828660252672,3188925541510317606961152
12288,12288
3072,663552
1370375552,19185257728
884736,884736
1769472,260919263232
1057603802061864960,47325288627546456185773731348480
1572864,1572864
9,5184
2966913442085813511782400,1842956559682914893626101310603738454635315200
589824,3538944
73728,86973087744
4379008542437151866880,6251020521194953769545970441256960
28672,28672
4,4608
1056964608,17732923532771328
1342177280,1342177280
110592,8349416423424
30732800,62940774400
301056,301056
96,27648
1657632081599004672,96112920320119734107281293312
4423680,4423680
32768,3710851743744
1981388347536310272,519409066976558519943168
11010048,11010048
41472,1114512556032
3673449787392,330299677625668337664
147456,147456
8,32
7200580422961594368,6072307305745469758060363776
10752,10752
96,1536
267382664239989760,3789742334273792673238079242240
4096,8192
192,3057647616
1796544302248331821921075200,15432198047943448891414227754313318400
2304,2304
1179648,12524124635136
685996339741081600,296195186291842515787474534400
46080,46080
18,72
951664508928,3991570256454746112
983040,983040
880602513408,4652764719722920918646784
277568815104,19074383732178413420544
671088640,671088640
45173864988409088196212686848,3134481527794195092529090698794236577928142430378975500959744
319759274999808,670583803084397346816
8257536,8257536
576,1327104
70130372731958203024224169590689144718745182469619712,317334339034185501118481761402942363245962352782364157397501333747140807453300150266494976
8388608,16777216
7077888,9573589958277615058944
4205599804156640652951552,1483855221214449677640887353882256950022897664
7864320,7864320
221184,267181325549568
7023034368,2385996032489029632
36864,36864
384,15925248
21641687369515008,98795242729650675885117146136576
9437184,9437184
19327352832,105059972107298930688
24759631762948096,166743956014732158285054476288
12288,24576
192,18432
15114921004467486720,1014345178059551958714286080
36700160,36700160
36864,86973087744
44400859328544768,172299119417913877619538583951935334332235776
1572864,1572864
268435456,2656331146614175432704
285695621325915196478631964317340139520,320790525418981215829771766896492384698667716264614123997757440
3145728,3145728
294912,77309411328
141157908988789778495727206400,3413103366201343701625378471388334627225600
49152,49152
41278242816,39748423601695422066720768
2096447540632341184512,129083833085068811943425212491497472
9437184,9437184
1728,110075314176
25450624346549649408,27199726195900972911998013303422976
3145728,3145728
97844723712,257279277941798635117492568064
2600144482643285609593688423399424,6434919305791390024586140518993657666698827056171844632576
16777216,16777216
12288,927712935936
131027971289521324032,34712191722572024357330360741513568190464
131072,131072
57982058496,61966892988215484494118912
6714944774995968,880141241548271517696
3072,3072
36864,4696546738176
1888223232,94743488888832
2048,2048
2654208,50096498540544
3847103777341440,29609547355135194720978862080
442368,442368
36,2304
214878232799870976,571908540464887127867187631536170392879104
3019898880,3019898880
393216,1424967069597696
4855431168,83415672298156326912
10240,10240
24576,12884901888
366788749708411011072,648682455540885175338026465344094208
196608,196608
32768,2717908992
123387110240550912,1902689666032018947557031936
36864,36864
256,169869312
10523939058089477841322639449202789779356698944347308032,38759490774900518940819874584354264878077593861402126335422645151193818842605251594793896099036572662017287903516601352192
75497472,75497472
3872930811763467780882432,2361895923600708831055509363843554520164314500128833536
13353512109261174644964065280,3175351720817069552914423389945370313533968875520
43008,43008
48,196608
7053629802084827136,2266141174129619007823869139208217916355617301981036544
737280,737280
768,286654464
92466962126436357236917050198151932149760,4767503015274725041415379787712021092103826989376596251382906880
268435456,268435456
8349416423424,1142173771558787810195599785984
108470495616,10004973145561798656
3072,3072
512,16384
14107259604169654272,77660802695184446839062528
262144,262144
1179648,3206175906594816
316718880757062303744,66238036845368378205884771238984002041420972032
41943040,41943040
36864,10567230160896
604093324197888,105079723382055102886969344
7077888,7077888
221184,32614907904
414330126336,1779534342360668307456
50331648,50331648
1558201490605080576,38847870165182320168842223735239868416
3913209803390247595861165410877440,2815391541721965248341818731022394465118500945920
31457280,31457280
884736,474989023199232
11684252184942539370921984,44297236052097176100266360175314286657978209899905024
256,256
8,1024
169594880,1244831846236160
147456,147456
6,96
11657890234368,1492209949999104
1376256,1376256
72,254803968
361432183489739957693656071973896192,39015789347632101241197107795571803736975304277307639257747600961907458048
65536,65536
3072,112717121716224
1386800048128293693554688,878286400310808196463065145792148799488
83886080,83886080
380420285792256,1543675667650791810704955408384
59871122118355835345392631808,3234016431561653716222580740155551176503325331580729324233293824
1179648,2359296
805306368,1452349054411300417830912
25886934231728148946354176,48642796964551687313153519404449792
12582912,12582912
1762613844998129336721604608,388350945822386188876542235591787082124484223285854208
437123946711692024479744,21646055910696081542904638859340150734848
4480,4480
96,6144
40590712875349737547883347968,32932203848965016818915872702122851378497746632704
618475290624,618475290624
50331648,996124179980315787264
5737867849728,1316129175899209728
768,768
32,31104
2570564796678144,2358503483211383832576
20480,20480
147456,5566277615616
680456243515465138176,613592553783177935253491315367739392
524288,524288
6144,391378894848
4858367465721692160,249624008663092864839843840
100663296,100663296
3145728,211106232532992
504403158265495552,17331160549995323848587739136
73400320,73400320
9216,150994944
75866112,77686898688
20480,20480
768,9437184
5333546648672640027127185408,250795570953898137262999758269461586356923285002520625152
8192,8192
43486543872,726174527205650208915456
2280733615852683264,875801708487430373376
5120,5120
24,576
11937679599992832,55833950210511977842400229054977165016170496
512,512
28311552,1231171548132409344
917676490752,330115015538130972277997568
221184,221184
96,442368
48962877733957640364868239360,1114267303073177401706298311966506900387245588480
73728,73728
512,786432
6502111422497947648,2253858383037909365150420539289894912
573440,573440
54,23328
4331945173245398876160,27777956486298208004545609957763973120
327680,327680
6144,2348273369088
1858794086518662639567374084437180416,309753171738842298131925112965523286441858439964532932608
402653184,402653184
5971968,7180192468708211294208
1909233222156288,1074802753483303755547574009856
20971520,20971520
9216,1358954496
811550638080,35291532427215513845760
3072,3072
49152,19327352832
4916520367500705210191314944,48351499888104215386805646051508224
28311552,28311552
1528823808,48466299163780426235904
22658678784,48659142173924524032
1600,1600
384,196608
45509262704640,17475556878581760
104857600,104857600
32,1179648
3277064156938965614592,18861689861111892021367231069235970048
67108864,67108864
1572864,2849934139195392
120997655454154752,438480821026353392293773312
132120576,132120576
512,573308928
38648985712496272551715213934592,2655938074539883986104309000875457969651712
3072,3072
679477248,4155203974946881536
18490667308377249247395840,892599215723280626331352133353206039183360
688128,688128
64,9216
1133619075335061504,1686366486052741887095621025792
61440,614400
18874368,2137450604396544
388831342839926095872,398163295068084322172928
86016,86016
1024,4718592
894939136,1681633765450842112
40960,40960
96,7077888
8150988037978542525382656,3797359739098610551333855811645793893577916416
491520,491520
1179648,225434243432448
164516146987401216,6961307258122479989461994176512
4096,4096
37748736,39397489540237099008
1120300864990395067426406400,2439963008256556593808740505609863944365670400
131072,131072
98304,267181325549568
3158116296294400,4652454129875339237864243200
943718400,943718400
2304,4831838208
1999328175194112,2707175044825408884790775513088
1310720,1310720
3072,75497472
17906519399989248,2102950806472670079614976
16384,32768
301989888,373546567492618420224
64702543045473670566487523328,9106073398422459380929059431572998753091584
24576,49152
1327104,8115632763568128
170641412172036138074112,1094212768746595270154057968500326006784
491520,491520
50331648,17099604835172352
310747594752,145977426521773572096
4831838208,4831838208
1572864,25649407252758528
42262665876614674035300586437476352,104573314330086632366705660787351429529654756739383296
3932160,3932160
1327104,338151365148672
21330176521504517259264,1503925052519593515391202814786111799296
12582912,12582912
1024,1811939328
14102520800697062821151646765023232,21311842160313428462387287666891867516261367808
1572864,1572864
294912,782757789696
710280216576,381328787648714637312
30720,30720
56623104,22161087866383368192
91346273841083182421720287584190464,39937150511844170572230315079287458779825554057483026374336708608
512,512
6144,231928233984
589736720466556893184131072,4487500204806821311143851809663888450970909147136
49152,49152
5308416,97387593162817536
569893608769910315172282205470720,414437639887322498642006001642387012346235489631498021463259967651840
1966080,1966080
1024,805306368
11492736789381120,192816127546593556561920
2304,2304
663552,495338913792
930904123899904,470384557436151691089874518016
983040,983040
6,13824
72892173053952,2332549537726464
221184,221184
20736,161243136
1299827873681390703344615424,160909762018960513017628971025361524301596755662733312
3932160,3932160
42467328,29548117155177824256
96919172441469908051558400,765205044776933067945042330415162982400
49152,49152
73728,1236950581248
362785145887965011685433474799370240,980896262298944516760441663500018488983433821971914036346880
75497472,75497472
432,16307453952
58308726784,106996980118454272
655360,655360
48,192
58731295408128,107772396924278145024
1572864,1572864
7077888,9393093476352
15248539551258155084414976000,167520975977653442987187876003115468812003619897344000
2752512,2752512
4,7962624
15560398077952,6395973910194745769984
516096,516096
3072,12582912
631742004431620669440,41401844002430692192419840
905969664,905969664
294912,5699868278390784
25036756940484588895103548471115776000,2091069572636069352228144244577921004913384190417265636671488000
1179648,1179648
6291456,4274901208793088
72551620821443936256,8742123863697413942703699397705728
131072,131072
509607936,33241631799575052288
277568815104,1164207991465967616
245760,245760
256,7962624
19355160176920765661184,305629233860609361457339392325582848
5242880,5242880
432,110592
284230466666496,89448428400313223872512
16777216,16777216
6115295232,1838129271989302091317248
24764286573719530242048,130751838240714935497756660159161040896
301989888,301989888
98304,77309411328
5600451440081240064,1300527117132046830370895622385434624
23592960,23592960
21743271936,40343029289202789384192
991730245632,815285154690354905088
589824,589824
288,1769472
108806975520768,1782693486932262912
53760,53760
442368,1174136684544
68825736806400,52365412931506561526582476800
2048,2048
511745184538734624768,6466250219718112485145116803652290347008
15519225157096052883456,279569506538306444051632701120083656704
98304,98304
536870912,324259173170675712
51308458682644093206528,88748619679536537986790923964732471485185130496
28672,28672
2654208,37572373905408
216197907466611383599104,149968006312917554621524884715101848313862316412987657682944
100663296,100663296
150994944,3984496719921263149056
32074618634240,13824435128772436592510894080
193536,193536
128,4096
2300499038171153861443584,581219480164633117102871712948308410368
884736,884736
330225942528,9087431093208829919232
618616305554142754762606654765662846339514368,53972027845181828501913120613850811138304857795407819028012393579646735854672568909824
31457280,31457280
128,12582912
93923432064,294543882952704
4096,4096
2,256
4392839224034852864,66034852813354985752681775104
33030144,33030144
12288,3221225472
3572942272808156057239167714235515048547027419377172480,219250301674080140136908686258779824524945614031233169843496173171499132191658945630975026436127029502935040
824633720832,824633720832
589824,22692953975176569028608
25433210880,28635249760500811164549120
92160,552960
192,1207959552
48562140339255859126533533095131208533147648,167896193494007202368038892202894889443739810307046430625344895160990893604864
18874368,18874368
110592,760840571584512
33941923949445120,10017887751435633055796026355189022720
39321600,39321600
18,147456
200009409963527120308603453440,469348841128619278612966948557939182728433433424548789291957974821688637418194862080
2457600,2457600
2,165888
24586240,103122164776960
960,960
128,36864
89465244704852482758600032256,1904927711096361088790364114796067511231588676814241792
117440512,117440512
1728,84934656
392217787860254720,55199746351735106457751949148160
1920,1920
2048,452984832
56953878813666651201180806351042279281288273307048607744,273360199917865835811044553660823679541846881417616345548951352389705306640440941089195540086784
2818572288,2818572288
43486543872,991470287811447751905902592
11200,179200
5376,5376
32,46656
11419974107136,16823606451781360636919808
5898240,5898240
8,2048
5444879971971837271850246126347089019485792890001555456,12646375047046434132655345631083990664808885776143177955463710041809510678907896068244027627679575592664043651858432
2752512,2752512
2048,1603087953297408
19414886300059579757911734759089048846623627219205546311680,18865684923746648130716056970816304826815879682921420807974643207451687588134005294722218049638382960640
2097152,2097152
32,1572864
42030580258308096,38563225509318711312384
196608,196608
603979776,3283124128353091584
433194517324539887616,9971418838396619574944917880832
196608,196608
6291456,237494511599616
4405854208,4730749933575995392
102400,102400
36,18432
94435052582027935446397747200,1857442293755486806071713718494822400
589824,589824
48,41472
11035721585771151360,910421999840437584236397440532480
3932160,3932160
9216,42467328
65304508606500678484843560960,922314410922664987289143079793132142860183797760
3145728,3145728
2359296,34199209670344704
19984954687488,4584068966397247488
880803840,880803840
1024,1761205026816
913978594374451200,5136296474549235902054400
1966080,7864320
1990656,95105071448064
199803866978451456,4910379834862422982656
4096,4096
3072,28311552
4968143911394350202880,563327031160903250139829840600104960
131072000,131072000
1536,220150628352
3157938852719099904,798151072472778513740296028240766965227978752
2560,2560
36864,267181325549568
103137362711698919481711525888,363292083320778427925411945546302636425216
393216,393216
65536,34199209670344704
11329792527351848469743994419426623488,267576436012389416375704665125168587791260935073562624
2048,2048
393216,50096498540544
10756480000,344207360000
30720,30720
64,768
7216789192704,7567351944528789504
18350080,18350080
3,93312
11457552948012320292864,214238112987353193072380567823151653715968
1638400,1638400
144,84934656
3147630363279360,107313579654300354162752225280
215040,215040
1,4
484533187117056,655382234733877676706027798528
1792,1792
6,2239488
13155810171420672,585831133379777426939619311616
100663296,100663296
196608,14843406974976
528581658673152,59580203157625243336911618048
30720,30720
24,6912
1221381324800,2685845937132110715289600
1572864,1572864
1536,393216
1109186452208120066854071828480,31336610552979229715520906197347340126453836934943866880
167772160,167772160
113246208,598349372392350941184
4623535888457806042563587604480,7099365558385791527395546808257323525950071111680
2147483648,2147483648
7387029288794456064,162939777225304866213455614381611521056702464
30913376855148250170340147200,31934064472859135992699324216675141649664521011200
6144,6144
512,1179648
57142552248320,1284498746322043535360
384,384
288,31104
256756123196324089549553664,22866813779520684829341946117231302672384
1048576,1048576
12288,4947802324992
97377137093716988036571463680,77015982052903244382392823325684501775401856532480
1536,1536
12,9216
47130051870720,101211015721763009986560
15360,15360
96,1719926784
3770462866155503616,3497907175398787668724024344576
2457600,2457600
28991029248,63454098419932656121977765888
120725897046882709929984,46261046384270869898590288417592449557331968
147456,147456
192,644972544
114390427231011314073600,15721700605845165790467089183539200
25165824,25165824
65536,400771988324352
19881165489967218390800007168,3359029368609849653010144348234784966654820352
6291456,6291456
48922361856,16155433054593475411968
274298619378551479280370450432,84891310912352397356637687878846637466450684511300616192
3211264,3211264
21134460321792,1736635126107140787043074834432
608305034131795492208640,37333600891383181659315385095685381731756694667777802240
57344,57344
32,2097152
10123912924160,398254324627999293440
589824,2359296
144,35831808
498155725663076043316002816,7723463829374129330601566514220080838111217064617606738031226650624
35389440,35389440
13824,14089640214528
238654152769536,1000988067577875922944
884736,884736
2304,1358954496
461115836030046609752708874240,192227148186412250025672664114617109279471042560
18432,18432
51539607552,420239888429195722752
7165592179895697408,32328247765611879860358648692736
125829120,125829120
12288,150994944
275417656786944,18049771555189161984
48384,48384
512,1719926784
1233357203570688,20692300209461403844608
73728,73728
49152,2348273369088
278482189708632784896,89742769545569576174504260927488
5376,5376
48,3072
143252155199913984,9032104938896943109744038191824896
112,112
9216,21233664
2948683602332784465920655360,19704036433204314327299198867769620567162880
7340032,7340032
309237645312,92950339482323226741178368
22431475269041814182559744,3652649341412754365671608272690735580498565087100928
150994944,150994944
1236950581248,56403643039940138775091347456
212137024684032,102045617328330163422756864
100663296,100663296
10871635968,557702036893939360447070208
16903040,371055534080
2064384,2064384
128,16384
56524641849458478293975654089342466561377516388352,444916182891840103731989804730673700023407490595187594018426772272623796680557640810496
5242880,5242880
6912,231928233984
3510337621824743411810304,646538695464516563864504962848690674860032
131072,131072
6597069766656,24480747847196240787800064
27308867974491380121600,1643570888935395140355611301708683342655976413698457600
98304,98304
27648,112717121716224
2974935040,66873112574033920
1536,1536
144,107495424
97917861888,821394559576571904
331776,331776
768,3145728
211481001984,2848441304005309737467904
2752512,2752512
497664,220150628352
25346008805276418406100859583709914991689728,3109456464828485112741661481873872779355529804608355553967494660096
16777216,16777216
3538944,1418309623448535564288
951664508928000,457785209572281922093056000
98304,98304
1014454095446016,1786661652373601632760365056
330190487649593736560640,965316305761528234729531592581306122240
3145728,3145728
3,192
47936073583131875799365320704,3327015147581842381059810353830002575542321152
2013265920,2013265920
2038431744,1254829583011363561005907968
8640696507553913241600,169953790481505859117724467200
40960,40960
4718592,463856467968
16505750776906548613899878400,248120809239590764207269380612318822400
393216,393216
131072,14843406974976
302115938637898012853800960,2764728041469331942303983721759235917893578260480
147456,147456
48,18432
26081078338400731728445440,52306389546791748918514643675807076518461440
18432,18432
27648,32614907904
8991174014030315520,7128854510632629314575900669378560
4915200,49152000
288,6115295232
555137630208,596074491630575419392
21504,21504
1,4
346174259200,10407649853867189862400
36864,36864
48,5971968
4571404179865600,1644158395292215725260800
1966080,19660800
24,221184
377132488327168,6634584898045084910787493888
1358954496,1358954496
432,2654208
44553591367074865152000,2506341545081171655894795821160333312000
8192,8192
48,254803968
719458368749568,386256270576612871766016
4096,4096
262144,1610612736
25450624346549649408,19470322411924861318602225525862434462498816
196608,196608
4096,1610612736
906347151360,333801715313122234859520
9600,9600
1,1
68411278243525457608704,1184699185421464597944802357215756288
167772160,167772160
11132555231232,438594728278574519115110317817856
5897701619138560,346314548887430742671360
221184,221184
9,72
7522152046767307311022080,504803078693828865981586467717120
1835008,1835008
231928233984,587537948332709778907201536
246727835648,12676931462629425152
200704,200704
1,2
4516664878428581529649152,285390335662601952726577898363736442467689372319744
3072,3072
4,3072
234925181632512,1008995972118498930327552
983040,983040
96,11943936
52460506054656,1031845273904980426752
6144,6144
72,2304
161199456208065462098366583426514944,730709577075631646158820948191427851952676450226982105233260307021824
16384,16384
41472,10567230160896
4739148267126784,381805647269603645365157888
20971520,20971520
262144,137438953472
1110275260416,107382838294576025258950656
81920,81920
1152,429981696
36907361402925977897196016631808,4466864286196305833089789434587679168962375202958737408
36864,36864
1327104,7044820107264
114268802793774199603200,41758296613066597678500702895629926400
805306368,805306368
8388608,182395784908505088
356508055371776,1567939009108311082432200704
5308416,5308416
16,256
19240672005991534952448,138800202777682664769925861887367446528
6144,6144
10871635968,1936465405881733890441216
145525998933245952,40961927160530354239201987264512
294912,294912
10368,9172942848
5871286777002474849306653491200,464203249935784279148378095861523769372579734533070039181321830400
61440,61440
4,4096
1810916656666318476496443801600,198264714889172523609092225191752587251312440115200
33554432,33554432
115964116992,322744234313622315073536
14336573391632056392917874376704,7077123695348095584141086653106499791377023915415044096
7864320,7864320
67108864,7782220156096217088
1427520317088595968,46776985750359112679424
122880,122880
3538944,194775186325635072
5803844485548778044669296640,241082267917916824237132992222550706763390189272412544586219520
294912,294912
32,49152
10875724087371069652992,8900656041359071484172592665884414592417792
215040,215040
4096,7247757312
3640350126336770945581056,841406288401278995839472214311979084557045465088
65536,65536
18786186952704,264690615166459501149683712
89285237888,125439330695512064
230400,230400
4,4
200111116255232,110012249584931254898262016
1290240,1290240
1327104,28179280429056
1100131868924788474471589609472,421639603378909301702557224294600963863567979173193449472
6291456,6291456
28311552,44322175732766736384
112394240,11278986772480
21504,21504
3,3072
596738256371712000,838374285047796596736000
1536,1536
36,4608
2902064832857757450240000,43624957417985210640384015728640000
2304,2304
18,7776
497911495551286696633958400,29467029362650537955703390457767811382198757044172462489600
4096,4096
72,10616832
6514179485332462512863767959306240,1064511783329974146589488155611371315832128835965419520
229376,229376
294912,801543976648704
2796796657956321101200910080750387200,898366505196543521996794593656701228839398678459800376602892697600
393216,393216
768,4076863488
63700992,547187354725515264
9175040,9175040
24,27648
59954864062464,1005875704626596020224
2560,2560
3072,43486543872
203190981953060864,7333722872754546820173952712704
3538944,3538944
80621568,406239826673664
36106329824483075092905984,880176444228442520998529527758433477962177183744
4831838208,4831838208
115964116992,941122187258522670754430976
375717888,6155761876992
172032,172032
16,4608
1305683706249216,11505304102990288420601856
1509949440,1509949440
1990656,99724895398725156864
2285376055875483992064,57335514489804142392901632
61440,614400
72,279936
2158868561920,282967220147978240
327680,327680
27648,10319560704
76832,4917248
15360,15360
144,3456
82289005436663588989962289152,282091984030137738526031834068339436837413261934592
49152,49152
98304,33397665693696
23602790400,395989112743526400
37748736,37748736
147456,225434243432448
156616787755008,147145245933947760672768
143360,1433600
36,663552
752356621135209956479655215104,827535918954654066947806136701859267836783314836914176
32768,32768
5184,73383542784
760442032697706591289344000,2123380060692036309254275036265571827526402048000
19327352832,19327352832
96,100663296
256842399744000,2859312200872247697604608000
49152,49152
3072,115964116992
1044982192901455872,245446487530459486306172928
38400,38400
12,3456
2750398547886080,165380205397912449470955520
73728,73728
2304,7077888
26440095051546624,6682583547652776671818281764443888772186112
24576,24576
64,11943936
829038171696257953148442768739151018400275592387304587679532573539574300540928,48694380754708511733577570006820477840634091436136859019331441823478787265846805678792003515332128630652455467678211318671816605161663358685937664
268435456,268435456
65536,1266637395197952
1947018509047296887162754645662215692091392,18582313751078224872291490360254240328530715318258490960510976
1024,1024
5435817984,121029087867608368152576
8325161124102144,27163749849994777147446657024
1966080,1966080
16,512
16372037643999206400,639051621986663929176234393600
55296,55296
8,576
138136006799917056,2060420729362566799924842725376
16384,16384
10368,967458816
11939923883757630652416,367586384058652984010769452758990848
9216,9216
16384,4831838208
303464448,8909755036729344
36864,36864
4608,294912
2140755717626265600,57261579040602425029317938380800
5120,5120
72,27518828544
56373700427639906865975948909100400640,1730566517522304784510736528437960153202305282359242739290048090641897245407969280
393216,393216
4924686192529637376,5518798869593214659467750999394114076672
4163363127196737601536000,46761723606673421348719242581097465249792000
65536,65536
463856467968,220326730624766167090200576
19234475317369652842561668262282191347196798258596806656,50069933256062152787805971388928409811670165763721978782683041320983456637628008378852237041842838982098944
39582418599936,39582418599936
278851018446969680223535104,45649195867893415463108108452484241860244164959403675206866173952
101035048697856,1328948079090367897534464
884736,884736
384,679477248
24874841424495063859200,23520151316078418681608858863437911320166400
12288,12288
18432,440301256704
2769394073600,325239057933349683200
512,512
12,24
184181342399889408,14838420890471160081763270656
18874368,18874368
1536,805306368
571044736017859686635554209792,16575877235799333248523445963138119179314397184
4718592,4718592
256,5435817984
19297984635594846651336540291072,141787782383897285113732430234788254090792555849545706110976
24159191040,24159191040
1207959552,80686058578405578768384
1078984704,565698732490752
589824,589824
192,6144
935685585990844416,12212005902212363896548904402944
327680,327680
339738624,10468720619376572066955264
19654195693428198604800,517036532361306200182329075302400
412316860416,412316860416
294912,9895604649984
8086297656724744568832,8682595995338553099271765229568
18874368,18874368
34359738368,255007790074960841539584
228374959914679914830233600,1963519355314818727678170301774640366693006488898424012800
82575360,82575360
36,95551488
37368121486765301895958364160,20447363547404794089115241089964765746550538240
786432,786432
1728,23887872
41893379440640,686381128755445760
8257536,8257536
384,6291456
127431032180495104817126309804328131493888,2226089783173619158013817755827174903991932664970659864450644581917133255965933568
4194304,4194304
65229815808,6692424442727272325364842496
74887202598927859451953152,40204760756415170126177908895514624
36864,36864
4718592,267181325549568
718307235359568691200,111952329588875466288161250449817600
13824,13824
8192,36691771392
4371333120,35809960919040
20480,20480
192,884736
29739515904,15226632142848
1342177280,1342177280
768,127401984
13261056652792037376,25318449922407220837476467409420288
26214400,26214400
1146617856,13631146639813244878848
17502821614234394903368071578124288,1639479099129610075248179466499866187700144738883122233344
49152,49152
196608,200385994162176
6547071155621068800,69283947263262023762178474673677687953817600
61440,61440
393216,150289495621632
11937679599992832,205087773888382301097689088
18874368,18874368
373248,23110532361879552
470368307654622678880247470588204865814528,21858833502262485141503190757863226340464680134995191182191547645952
251658240,251658240
38654705664,15937986879685052596224
7866432588001128336306103910400,60075417747458487237898890770177598706994380800
1769472,1769472
1207959552,41505174165846491136
1146017241599311872,1816339160920891526467086644600985599606784
31457280,31457280
248832,299174686196175470592
62060778662658048,10932674431891854657060864
491520,4915200
294912,18345885696
50324200146479521551712518144,19628325895825036414943207815469848084546756609572864
16777216,16777216
294912,26264993026824732672
58669013135399040298399039488,18527604128953186511703921743124054906919084445663232
122880,122880
1,191102976
2348810240,20660353362554697809920
614400,6144000
18,13824
139704958975916113920,20883220872841406245225736923223315636551680
102400,102400
4,2304
1624108130380746401513472,432589452971129624777820579878141952
1376256,1376256
576,442368
17669729732788224,222336654291457737228288
50331648,50331648
884736,534362651099136
35095352589397548990304616448,130894160326231675130177669318579436547920101376
30720,30720
73728,1855425871872
57324737439165579264,123103936276501476233887875072
196608,196608
110592,169075682574336
531062784,52205595918336
50176,50176
2,8
5808967448098344794062848,1599591479708694625547293267329024
6144,6144
192,49152
61983140352,9753167133746921472
49152,49152
115964116992,52529986053649465344
227384373333196800,1372064552349796045317019690598400
18432,18432
6912,14089640214528
3171020649054744761211147126136897536,19789072149262199133963530875647469667314544611013987408019456
786432,786432
288,7077888
829852492585477827723264,234412789476353503170108101492736
18432,18432
3456,165888
64736452901018271744,13201582427097461693659075313664
1572864,1572864
3538944,2404631929946112
4008410911604736,29894497189412241516766691328
344064,344064
7776,495338913792
662153606702764923027456,23116903571886214092519378973866917363712
6144,6144
110592,16307453952
171999557526853343074622489207871897600,427748378445669299980505876949259704918983500633764434175590400
49152,49152
2097152,49862447699362578432
3566057266615612354854912,2931597138488606155033805856964608
2211840,2211840
64,18432
31552321789866151999923027827269783883297587200,3322019574688451295669881398833088692054828290542333720695164056619502796800
1376256,1376256
48,55296
80594486215364006903808,745202924844797517683667483305705472
768,768
393216,154618822656
658255466163985526386851840,25904180221651044907225436257023822570077552640
1179648,1179648
24,6291456
36260701784978227200,6387713074660735366830489600
33030144,33030144
16,512
88844497469171881667971000565760,11697955641862947987848020592885864954186598941982720
9437184,9437184
6,72
51384365980802980836802560,134113171669795691824102784523483923275993621463040
71680,71680
7962624,507227047723008
4973831149291035854635008,15703708999321710089674892587871079921205097785196544
1179648,1179648
1572864,29686813949952
439336906260676436618282357826661717734209436224666679140941824,72115020925142442921308299478605999125586977186200203777507321140552484710872759430606287546334820285194181007382675456
2621440,2621440
5308416,7011906707722862592
146751435445569715489794964587250974720,10111820500427694024585081295211815232442442876224446781564345384960
2359296,2359296
9,18432
107943428096,139141999733820570468352
2560,2560
2038431744,336571521970697404416
45683301633637157569510244352,159795948580206572167090019903519416931508542964274405834752
409600,409600
512,339738624
7572561920,248137708994560
6272,6272
48,31104
71100544365430121914060431469392359732187751298214597230592,87016232931014046748069570129006499987634769128732291394539285349585585767920743931146325455038666768384
150994944,150994944
48,805306368
60043686083297280,1415276546308078196158302781440
9216,9216
1152,36864
6797603635200,1169405348570726400
884736,884736
512,14155776
2485980758016,3587541234199107307831296
3840,3840
36,1728
54423945394618775787012096,31191252742345431837885390139939486375284653948928
65536,65536
864,24461180928
72762999466622976,32597823761047093248
52776558133248,52776558133248
12884901888,200546286364231604533658124288
5825891834558161092608,11348767361307027199966387298285728948471988224
24576,24576
10616832,173133498956120064
20920996264326188775817347072,83760487988826721493593938001557734406001809948672
30720,61440
1024,19327352832
337828211809320960,371446047075121794858834984960
2064384,2064384
4096,37748736
12945900487681856919178045292544,150842831884376491552789434730041946390936140071829504
2048,2048
2048,2147483648
6217288936613794818293760,276909299064504446174258438494181787319664640
3072,18432
1,8
215129600,27536588800
125440,125440
1728,4478976
27074235705753600,3339983788752193754392166400
430080,430080
512,6291456
684682995190197572132143104,19842996990587094674899626195792369908662382050148352
98304,98304
294912,146767085568
4441935968659832832,504782576419669563338491945171685549801472
221184,221184
402653184,81064793292668928
4309100418463432704,380496936294074250592703045419178780175598654354121092497408
393216,393216
8,127401984
252523563569056694379292108259328,122763494743254058043074609366357590913721694110042455199990421651456
20480,20480
512,1358954496
34918256603466118987776,37318024340776134835261274252296323072
196608,196608
147456,115964116992
511828012849692672,2945357850365513835674075136
3145728,12582912
4718592,231928233984
877584405456185852952576,1840773891514772469093092209276747776
73728,73728
3072,4174708211712
193177600,19385758515200
30720,30720
8,4096
208987950315336099022126448640,105641030087994896183097270157158247614724088766545264640
3145728,3145728
294912,33397665693696
688026173877649708714819584,5771581866399443367722805280899072
327680,327680
1811939328,115422332637413376
408740411627003320276848754014050844672,1188752203482517795805667044950674150970005352979441571332981702787072
245760,2457600
12288,7247757312
45105634873442304,406275440816688819596982975725568
51200,51200
576,5308416
243671915995053686784,44523631540795705979575926452649984
226492416,226492416
288,5308416
79973127007764480,2209938812102374599829204500480
401408,401408
512,524288
850248312205035139751012231349884973106593792,8363670142157329202994168037922896427543622486722370280129224854078645067832123981824
98304,98304
24576,21743271936
562416763750607388672000,3584143347908014098229468594176000
32768,32768
2415919104,205195258022068224
6422528,26938034880512
15360,15360
768,10616832
479387670957928684191744,4887506256187889643735524217328131314722799616
25600,25600
400771988324352,1665289358932712627265184487964672
7803371520,55934567055360
86016,86016
1024,37748736
1223568654336000,1663086725509884315149795328000
1536,1536
96,47775744
20082537474048000,1316129175899209728000
129024,129024
1024,28311552
1207553783404228522278912,6133895103946782841477686195538961208067561195831296
15728640,15728640
1068725302198272,11564509437032726578230447833088
16563335134040267489280,120197154653688390650685118850153840640
24576,24576
1327104,1352605460594688
89915392,386183668047020032
1048576,1048576
373248,722204136308736
25831163825994240,567045708308225556480
4608,4608
32,4096
31292639827193983273858548891648,54147463779473717983304051194654484590807112792459809279164844867584
73728,73728
2359296,6412351813189632
2339438970586034357275204378556173910016,276849841237497028367459159639693291667587977042497648886353494016
15728640,15728640
663552,438244169232678912
168496205847587683766894592,882740832207553281863004109276079001408897024
1536,1536
128,1024
6446346983996129280,22296396192019882419482425707819171840
167772160,167772160
36864,200385994162176
4253815112908928,282733484606443685454156595456
12288,12288
262144,1603087953297408
225716153666714468352,22537668439319973102843005740499439764920860672
2752512,2752512
48,393216
5922581291546443776,798796827721897167487500288
5120,20480
3,4608
2836199496591174940239318254352845009584128,140223979541065482747530017971798190852805549107614142076554674438144
12582912,12582912
98304,356241767399424
31328758459514880,785975892232309309440
384,384
1024,4194304
781911526298640461894190847511085587760654624030128603136,7007056877014451083215737925833667739582247644178382421411856324518374713455953864926498390016
659706976665600,659706976665600
6144,9895604649984
188329466538650271744,17370910352503642003201327104
786432,786432
1179648,2849934139195392
292894547536206705153653342208,7106633276154730710927922714992100174621454579429837635584
196608,196608
64,16777216
764012054589596602924796775235584,3284406612355764656156798512524550893670287943956263162678870016
147456,147456
4608,5435817984
189494556617468782939291554663050086711296,3908952523311051680782919679140240921938675478718812327510016
114688,114688
294912,587068342272
52745949259096701853142876160,273653726317713787437438056641918328101373214720
1966080,1966080
384,331776
3382149376053199503360,94418071762399299901432537558124087232367165440
6144,6144
3456,2641807540224
165526522904124340568064,5106919752775043771510175368196782379075895296
4608,4608
144,294912
157351936,36092757671936
573440,573440
262144,5566277615616
281622700986942357504,48810120607664724689038794803996786688
16106127360,16106127360
384,28311552
3338736492478464,332955147476321343852316714541776896
36864,36864
108,17496
3482423567652556800,5331672014081765158903474746831981772800
393216,393216
2304,43486543872
989069312,5691683513833619456
86016,86016
48,27648
88117084160,6055359914977274101760
7680,7680
8,27648
1146232692840732542631936,1230757982339239901821772721291264
9216,9216
8192,391378894848
2202927104,517425773984874496
393216,393216
147456,130459631616
35472514644790978019328,124948742212420094314490873612599296
2097152,2097152
84934656,615585774066204672
2147887374925824,6121337556947878420267042603008
61440,61440
32,331776
161628209283072,5553502983854702771306496
18874368,18874368
452984832,13132496513412366336
45614302071095296,41376851914863353041787715321856
819200,8192000
4,1024
6064628798088806400,11970501898887862415741524377600
204800,204800
96,6912
3948387527697629184,1622952284895283133942857728
36864,36864
12288,1043677052928
39204728074705145661989746426056287360775094272,24909948217515524288281434952342557798250797069180289488148191986511896067610180756752943590408192
1207959552,1207959552
32768,5699868278390784
38348690697971629890146429444924863113735665528482344992970781467232830505353216,26691933139144327406582680789599458124042544984171251994700507421310017491290361400754178505150928131536412129585470354547744844048357223487498092544
3221225472,3221225472
24461180928,9803356117276277820358656
2348999587693850552539545600,38893853752084534224910091532174569371808563200
16384,16384
12288,495338913792
3246995275776000,1307412986224164470784000
35389440,35389440
3538944,1068725302198272
2008415641375314122478465318912,84325121565346595882030071873876897917277569024
10485760,10485760
3072,201326592
3407872,3659174697238528
31457280,31457280
6144,371504185344
70307336134244781805638938548764672,2819007886379986506306535508400027645551443654914403462585482567013502847811584
3145728,3145728
12,165888
8916680354005185230536704,26200244287207008750846006536411270282395779072
917504,917504
16384,695784701952
24753586930974720,3895024826533170559057920
153600,153600
1769472,4174708211712
44040192000,189151184349560832000
14745600,14745600
216,254803968
38320128,101709590298624
1792,1792
96,27648
1850458767360,55633619218853705809920
245760,245760
768,127401984
781245831520,156799163369390080
2304,2304
1,1
54311422605803258612787564757376538778583327301379954455317537076805632,216837287589624648940484862725950661247892687757772610310735462915305757378734469485312930072848126981676515428442977599488
103079215104,103079215104
42467328,121029087867608368152576
52217133693133114861139408191488,5947698720829454889739008833485187706538943386977772341559296
196608,196608
16384,4831838208
1791132961854932554788828352332070649856,53259544928187196368397192504696486429434881682194444244393445212291072
603979776,603979776
768,3298534883328
75207381479954841600,4051878131157991446326823773798400
3221225472,3221225472
103079215104,3442605166011971360784384
42881332984466133402188418908160,240945082289951481530136280931538057629067920405100767477760
1966080,1966080
6144,21743271936
3237562659373056,3003528760003741690852540416
98304,98304
81,8748
927721146298546155335807139840,28292785183743868468546608681146811283179653700444487680
20480,20480
62208,15850845241344
14746788706225345265664000,953796070013756910117533067402352263168000
24576,24576
294912,7213895789838336
23190970880,8145411084124160
23040,23040
1,1
3593910069655442030592,3858931553483801377454117879808
167772160,167772160
40532396646334464,3609833154556168881605846237184
870619449857327235072,116452073202504821339921284621462879076352
12288,12288
201326592,1770887431076116955136
149074659176771336985187253747712,28511399544634829913041484222537210641778129353998073856
4096,4096
768,805306368
57802752,1894080577536
245760,1474560
7077888,801543976648704
464679936,7434878976
256,256
679477248,8754997675608244224
149746252902310084608,12650215642336743570455670824166752256
172032,172032
18432,16307453952
163210463281152,1369108597963977916416
294912,294912
12288,3606947894919168
159385218048,1142473242968064
81920,81920
2,7776
402090778247659832475648,6054664843214707696797570390712236929132153869959168
23592960,23592960
147456,25048249270272
142021361664,42218874241541996544
7680,7680
96,6144
59632285600208815915008,210924776092017509115722678116835917824
18874368,113246208
18874368,13132496513412366336
367100187440052655694284849152,81154155902901137715998477460646130840764416
1474560,1474560
20736,165112971264
165189540107436904869461395584090680328192,82377533757241598908762257538814275684601089614698368899873616429056
103079215104,103079215104
6291456,11673330234144325632
39637546619805826767580263661630061453845746155520,608284687570809331030650386714516208932243449725387368721059728536477946963586753495040
5505024,5505024
589824,8549802417586176
2144941027360768,37734201607631420430103871488
2752512,2752512
10871635968,14705034175914416730537984
1151595095123200,138735627618456941363200
192,192
12,3456
6820986332652800,821741794355475729612800
3072,3072
24,192
20141047808,10559709673160704
7046430720,7046430720
48922361856,29410068351828833461075968
3728971137024,437932279565320716288
9437184,56623104
144,442368
36282630263079183858008064,7143718672504581935493758459558361399558144
512,512
6912,15407021574586368
968033949449836501157856031033884377518927087927296,46814692906463770191875908718900534222722361365298879302504510655203720172150452539623473152
671088640,671088640
231928233984,16940199370653408073579757568
15471232761590710272,1205640472495581944641736543305728
2359296,2359296
1572864,13510798882111488
4014735432594918404361454244614518079488,18996280010437247204656183455662543289506132110595802997507227648
25165824,25165824
2359296,712483534798848
24941223449985024,107121739039913969769775104
24576,24576
432,2985984
104921012109312,16509524382479686828032
640,640
402653184,972777519512027136
65888751147411781228953600,656012002219869811229784827297027891763609600
24576,24576
25165824,3377699720527872
582103995732983808,41945013412383082740942834958860288
7680,7680
2048,4194304
452729164166579619124110950400,61763613776207417241585530902529438065952340699198259200
44040192,44040192
9437184,324259173170675712
7576322310144,520640904736378384809984
125440,125440
5971968,120367356051456
54149314665567485952,11042567346427506443347203981312
524288,524288
1152,9437184
7438326797694005219427934444610050326528,158757892656370267588051496515077177927318572880931344337121591471112192
26388279066624,26388279066624
259700248434180096,5238547364496684227541654268956131721216
171974212317496737792000,46163976103688053587707953152000
460800,460800
384,196608
9707600336898055854882816,140669394175168929263611354686606788993700335714304
1179648,1179648
267181325549568,426314075886774432579887228918956032
9437184,9895604649984
196608,196608
4608,75497472
667942912,717198240658751488
7864320,7864320
3072,226492416
4846478966784,115231182101882928359276544
245760,245760
24,13824
3728971137024,1000988067577875922944
20480,20480
301989888,2594073385365405696
8086297656724744568832,25026719038261843122617485733589417984
805306368,805306368
110592,6262062317568
194415671419963047936,78040005833344527145893888
4128768,4128768
6912,452984832
250958100201209856,68982837313951190473783640064
40960,40960
14155776,28855583159353344
38538274485602235627601920,5388475647447148332218415449604264774481886576640
1769472,1769472
98304,178120883699712
11753362573073917673472,122195813442793630570391437978402537548546048
5242880,5242880
587068342272,893330826186800816380182528
73142811838294384142483213535647524454400,431251425501943622495373429750559175069456335688138650544329134283161600
41943040,41943040
55296,1603087953297408
8700932653056,65397887081754560299008
3932160,3932160
214990848,89853749822987698176
11035893445046082050457600,271486099133694578876709123661296539505602750054400
983040,983040
2654208,1558201490605080576
835637571999498240,14700691632319243342682353827840
4608,4608
36,144
5424362346109050249440919552,763411132520602129890325029191908438573056
12582912,12582912
768,6291456
471270212724326400,92222607515414366858615193600
65536,65536
110592,14089640214528
429918069220119975131231551488,3131745046867847695985696189751168159593791488
3710851743744,3710851743744
7077888,11080543933191684096
26686913874807645177643008,4466024673557676989815704082220221767270128418816
1207959552,1207959552
4174708211712,285543442889696952548899946496
1443981724415132958720,99229668518154892563105888337920
18432,18432
16,442368
719147520000,46025441280000
768,768
128,3072
8390185058304,3849014175867076608
2097152,2097152
12288,16698832846848
10056301295033961676800,6691329923439179396046095288973193596685516800
491520,491520
49152,230844665274826752
391072293527552,197608285314974236704304529408
18432,18432
110592,97844723712
35350938931696590627302182345506816,39801618849996481374181916117140857753459631325184
8192000,8192000
1769472,4809263859892224
577592689766053183488,1211299664528257965858226176
4096,4096
7077888,2137450604396544
16787361937489920,2253161578363575085301760
1280,1280
9,1152
57093739978669978707558400,16085150558738995017139571112137853883949109157055889512857600
614400,614400
3456,1019215872
1360909699939741335552,1967427567061532201611557863424
5376,5376
1024,1179648
34261292602711989772505839124346109427712,97801294257400217946977207236845802205533926637959952985413054891057741824
8192,8192
2048,66795331387392
176160768,24792424035065637371904
1327104,1327104
288,55296
414408020399751168,143495821134576202064298112664469504
491520,491520
9437184,3206175906594816
9638191559726398871830828585970565120,7518512541880284759397720075299457074168012859820603804221440
6144,6144
27648,16307453952
23018340352,25916347257988612932763648
3584,3584
24,384
21853547950768128,812054065190373200756736
20480,20480
48,7962624
64490329619061276672,50307295623482082818845994956471963760984064
20971520,20971520
9216,1236950581248
3411893498675200,3663492748561250831564800
18432,18432
1152,7962624
117714363581558947840,927742136933611934235437009333125120
114688,114688
24,589824
8106023854376063336448,8775056454021603908635958185657639108608
18874368,18874368
147456,16698832846848
1226402712502403072,1194508881275963356979880479095015665041408
53760,53760
96,393216
521220669648666624,307674377565966880226135459433742860288
192,192
524288,231928233984
53044226611168149504,12264409103348611904314540032
4718592,4718592
96,4718592
504762757730072401579641667584,536042097893316598586689301664868698806423139079802308263936
132120576,132120576
648,5308416
13995297226358784,37900450627555724387070857183232
3072,3072
1572864,150289495621632
3903626125122087701610233856,3332750895117648999386900453813636739084501123072
1179648,1179648
3,1769472
19730006016,259515424927597461504
221184,221184
1536,9437184
271761718230118301696,2042613461180468938991917334528
983040,983040
64,147456
71404577685504,2096447540632341184512
16384,16384
2359296,695784701952
3053256966144,1468727547377737833381888
5376,5376
1,2
3368520566715622166102016,246039082883913432669062058359400727314432
786432,786432
3221225472,510015580149921683079168
2632753216368557558857728,203897932680989246477054213357568
393216,393216
927712935936,382511685112441262309376
5828945117184,234802124550822212665344
81920,81920
36,663552
975093783840206503280640,3299420966958348458548203685580636160
1376256,1376256
22265110462464,60231819984545450928283582464
279631450533928109454245778318950400,22314074083542338868067051532128029468300054783590400
12582912,12582912
2359296,695784701952
20363527710310400,22389935500025070082221670400
442368,442368
16,64
12803438457033086484873216,143903273476500641032159660867584
2048,2048
2359296,205195258022068224
691803788710830387773013575262535680,19371280838792844019844306501122726363857357602925580254770626560
7168,7168
384,28311552
914359418788773888,485327903769393569351238016517013504
1536,1536
1024,7247757312
4042388859256832,8680963974111420152283136
16384,16384
267181325549568,15863524604983164030494441472
10748388269843546112,45082007913757864831746048
16384,16384
25165824,78794979080474198016
3510337621824743411810304,5296444993245319691178024655656474008453382144
491520,491520
12288,402653184
426241611694080,5091002530610943098880
71680,71680
864,31850496
2435704283165884416,2590937118516743075705282755230859001856
1024,1024
2048,3623878656
58265174016,15273865777250304
1638400,1638400
36,995328
2818685021381995343298797445455020032,89604160162959595488370001111190156819394334511720214267439987294208
65536,65536
884736,200385994162176
11684599897310567430766698594041856,326540687971007113691867628340149833664657605290724847255552
671088640,671088640
226492416,34039430962764853542912
105226698752,462791915321225230942208
655360,655360
746496,6687075336192
53954740224000,1173152588926669553664000
18432,18432
24,24576
1839454642957105791678521292786373754880,514403708417227211548670115910612675685682273377275514011540292622090240
786432,786432
4,524288
36913150281054857388191907840,1768097192806832647524120823320383422081227816960
1179648,1179648
3072,12884901888
15613245849600,63951854999961600
491520,491520
786432,14843406974976
2253126490428276736,2116866629093279353228230656
1572864,1572864
3072,4718592
416489321387185514464885604352,3841435960531188599071802566091814980759549116416
402653184,402653184
28311552,820781032088272896
8883871937319665664,1164426862568363217911808
491520,491520
128,603979776
184983717530890731012489216,2896844508067586943400620145707252742761462223601664
458752,458752
384,28991029248
8423095552901120,8312848540894348899820503040
294912,294912
24,1769472
245036188482663619441076679475200,768175360742484882007158039912023509060742755123200
37748736,37748736
6144,16307453952
3837111299997696,56329039459089377132544
293601280,293601280
18432,55037657088
143360,117853902602240
9216,9216
24,139968
130671892892479680664616042496,1316181816625783799100584315800880139774984192
8192,8192
64,12288
399473500762754442077493969027072,692226607008921913804294611375184061280922112943697095716019236256758898163187712
25165824,25165824
12230590464,941122187258522670754430976
365328662875495281247679591118869454592458160645079040,3168912864278824948054070847645019706976439701049777509073868387273133487142858303853270109980909895680
3145728,3145728
6912,150289495621632
2149330484512093492026745101924433920,366114838338261140700096172918904888983939012252618588705259520
25769803776,25769803776
4608,2473901162496
1275081744384,8189248205595082752
589824,589824
196608,115964116992
18279571887489024,240437375540041945769312256
2007040,2007040
1728,573308928
6788384789889024,136725182592254867398459392
294912,294912
864,995328
17129961160704,71848264616185430016
327680,327680
248832,507227047723008
304303553417865587614285824,79231331373458595626403476410083151332070935855265480704
14680064,14680064
192,3962711310336
70506920137457664,8086297656724744568832
256,256
288,124416
539615358492713838916966966208451223486464,102625126190402451770447773163466471626770140602213917780225447899145464446976
1179648,1179648
2629465015396073472,31860109519220150328471728740863597084672
3073280,3222567649280
15360,15360
12,192
663329104653201702912,8211892184429667274608862506334027776
3276800,3276800
393216,19791209299968
3534526595432448,11532629200234890355600785408
737280,737280
48,4718592
61456504593758815127391436800,1165005948996725316821462518233884886093004800
2359296,2359296
1,1
78040005833344527145893888,5917490534586541291791555648172113707139072
13421772800,13421772800
147456,10820843684757504
3027014705534836017593119915441199398256640,419820254720077937273577719851141222821670399243350149331733745797103393683097518080
3145728,3145728
22799473113563136,258693697012181937162550828096599097344
3539609321472,346332096107847629144064
32768,32768
47775744,328683126924509184
3029024768,2178847595139432448
18816,18816
32,1536
28098410075794702336,93541884471222352381837903642148508532736
55296,55296
12,124416
26915583869069832168137920221634469727471403008,2762513500649020047241448474010083898760619791635612816300349854842276020224
2097152,2097152
3145728,5188146770730811392
19217409795254238473115668629714621094166528,7242540990285144757635874896609474993165079040171064352868570719322112
4294967296,4294967296
393216,346266997912240128
377801998336,151652744548057088
1048576,1048576
4608,27518828544
543910526774673408,521305604254943534969500559616824573952
1572864,1572864
768,452984832
416353222656,25079572629634940928
3072,3072
1327104,63403380965376
1763407450521206784,1109902305185344386074935296
49152,49152
4608,764411904
443692601192029880320,6119529864773632566206824888485806080
7864320,15728640
8,3145728
217613951041536,3650956261237274443776
1024,1024
16,4608
12978008584866873999360,445920979513683714728031399444480
51200,51200
191102976,2958148142320582656
680226276746122389513986461931667456,2465156079533235946194384338788808800448128809290142847883353749826043904
26214400,26214400
36,173946175488
4602544128,154435753969975296
18432,18432
65536,33397665693696
8058583314684035897800941008584704,42741542490434051254518354057028266029698992597674694893012779008
2147483648,2147483648
56623104,430325645751496420098048
33718272,30936649433088
983040,983040
71663616,958439998111868780544
747093134985236840448,26286002846332564869435637666676736
100663296,100663296
1391569403904,120463639969090901856567164928
5051831105825538048,36443383145289194175059838137008128
14155776,14155776
12288,1811939328
7292254479272448,263664819174892811217862656
6144,6144
1769472,3131031158784
187955295969306959715473842765824,305042477051555930583882773315013466244871489880206052687872
143360,143360
9437184,712483534798848
1670579069386752,1793770617099553653915648
3932160,3932160
73728,1352605460594688
85233625989120000,1499445805640769748252753920000
18874368,18874368
786432,39582418599936
4222852647616512,304288601763939774348357619679232
6144,6144
16,18432
24062800840313496246259245036577788788736,273472239805993842490585525481554197049253180422201321764353278521188700508913664
655360,655360
3981312,10517860061584293888
60236288,15790581481472
143360,143360
48,3456
39480600291287449458987069500989794220379771429191680,146242082260586661133480625415255466421564175243992283627011011566509011782951943792573745725440
92358976733184,92358976733184
2415919104,12534142897764475283353632768
131027971289521324032,2016934891954200186616018945179648
5505024,5505024
1728,95551488
4247075147392899436511232,71254097116042510712627225690112
6144,6144
9216,3538944
112099811408795969445843122845843980288,3131798291491104956832487898870359145633200185044598243717350112771969288554590525980672
20971520,20971520
1899956092796928,361680002717660915922878529496292660128776192
4297497731072,142565352476338083631921627136
2359296,2359296
221184,587068342272
1221083136,81945502106517504
7680,7680
6,6
6392521949184,224916870846115462237913088
503316480,503316480
6086724572676096,128038634577627275947111821393002496
26729265110188032,8292894297950252185613616500510294016
46080,46080
3072,173946175488
6660665800912315384917104303013888,3575917723063005192732076831558190399225856
201326592,201326592
4076863488,1795048117177052823552
318663357152823485845733376,4125994657118226379674081796395368448
15728640,15728640
3623878656,3872930811763467780882432
182795718874890240,785101634416463496389591040
57344,802816
192,442368
1619085660576509067264,2932224928540931716823215655624790407205133221888
221184,221184
72,40310784
146264067576030975492096,160819043025660680504711635582058496
3145728,3145728
24576,24461180928
62672817899962368,9265294659914607107267337029419008
2752512,2752512
21233664,4786794979138807529472
3470542228296542803642788071079936,1410365766554276931658913628781215743299106434449408
77309411328,77309411328
128,1073741824
44957696,24715754755009282048
61440,61440
8192,134217728
5035261952,1384082266280519794688
114688,229376
589824,14089640214528
22120183059338017898496,9660816651851385110479860096676565854112856768774144
884736,884736
24576,260919263232
22101416902656,90527403633278976
196608,196608
1536,47775744
244687958162027562663936,11425293359775352648763111506495664667230208
5505024,5505024
56623104,91197892454252544
4574930640481043613391388448018494895685632,16545943333481173288443636851268096515499054053245900338643058538563122495488
98304,98304
165888,6232805962420322304
45106379116417715798016,774921692583965864110005046738944
3145728,3145728
33554432,4377498837804122112
8163923382042624,1347010323567161660848277028864
2048,2048
144,1728
179214446082599682048,47562134569400569796421325618667323392
4608,4608
15925248,855945643032576
134898444140544,141451270963115065344
10240,10240
216,746496
428998682757204651019433094592006717440,11518939198296174637579815677268617444335818471619637687062022408110080
12288,12288
16,16384
22914749044673740800,1022210315475365281519160524800
884736,884736
196608,1855425871872
81605231640576,200940078749263657440289423884288
3440640,3440640
36864,260919263232
58181507743744,2989378900531301318656
368640,368640
128,18432
43718836914918945282624638465962483384320,5687429326722706436590909364504158731691801640681236305708973545607441433338948668197463357477691170352005120
393216,393216
3072,2783138807808
93622357603647488,488708620910875963464295986375306493558784
2621440,2621440
432,35831808
118268748339399884800,133158772737724072193469317329715200
221184,221184
3,24
140328641828487168,1263968038096365216523947035590656
10752,21504
13824,764411904
3658125273438024709963776,57119813545448215732186001965639237603613810595201024
491520,491520
10616832,57711166318706688
3597145741897981287727104,521599675894283058235432161986924661525322398253914783744
163840,163840
9216,380420285792256
127975641408054977611970461340138322410109665280,550153679298778744384983407064012574977686518341505022162266966139666662686720
411041792,411041792
147456,347892350976
6611534970880,27730787574501867520
32256,32256
9216,9437184
383871009637269504,3865782178604736909322223616
7680,7680
48,576
1976295039084527616,6814400601221354399762243100082176
24576,24576
260919263232,6382393305518410039296
335742010240,235846675481231360
64512,64512
24,24
28672,939524096
1835008,1835008
10368,429981696
